id,label,x,y,closeness_all_edges,closeness_no_road_edges,wealth_class
50002,Ad fl. Tigrim,37.325,42.196,0.0681772406847935,,Medium Wealthy
50209,Iulia Concordia,45.757,12.844,0.1059799624295554,,Wealthy
50327,Roma,41.892,12.486,0.1241746148202494,0.121280724450194,Wealthy
50319,Praetorium,31.5,15.5,0.1207419297306937,0.1151366287995087,Poor
50294,Patavium,45.41,11.877,0.0894674243425399,,Wealthy
50322,Puteoli,40.824,14.122,0.1255796698200705,0.1313945339873861,Wealthy
50009,Aequum Tuticum,41.152,15.088,0.0898712332404088,,Wealthy
50330,Rutupiae,51.294,1.332,0.0853720050441362,0.0854408749145591,Wealthy
50008,Aelana,29.664,34.974,0.0905806796895905,,Medium Wealthy
50326,Regium,38.109,15.644,0.1422567766337465,0.1578282828282828,Wealthy
50328,Rusaddir,35.292,-2.938,0.1184394681595521,0.1276378488767869,Wealthy
50329,Rusicade,36.883,6.906,0.1153715064758009,0.1182219419924338,Poor
50001,Abodiacum,47.91,10.91,0.0786021130848717,,Wealthy
50003,Ad Publicanos,45.667,6.387,0.0813799735545137,,Wealthy
50005,Ad Aras,38.5,-0.5,0.1126643368280912,,Wealthy
50289,Palantia,42.475,-5.297,0.1007140731925022,,Wealthy
50039,Archelais,38.402,33.95,0.0870739549839228,,Medium Wealthy
50323,Ravenna,44.416,12.197,0.1018504588536181,0.0896485775759024,Wealthy
50290,Palmyra,34.768,38.286,0.0829656862745098,,Poor
50030,Apulum,46.077,23.58,0.0740214301333916,,Medium Wealthy
50035,Aquincum,47.564,19.05,0.0816646562123039,0.2647058823529412,Medium Wealthy
50331,Sabratha,32.806,12.485,0.1130028375897179,0.1196935844238748,Poor
50356,Singidunum,44.802,20.466,0.0899906952013824,0.2368421052631578,Medium Wealthy
50359,Sirmium,44.966,19.61,0.0926635641938133,0.1978021978021978,Poor
50332,Saguntum,39.68,-0.279,0.1068328862237651,0.1084755568411917,Wealthy
50041,Argentorate,48.583,7.744,0.0762902862294343,0.0543714658547194,Wealthy
50333,Sala,34.015,-6.833,0.1182946007338808,0.1275510204081632,Medium Wealthy
50360,Sisapo,38.645,-4.518,0.0946456032433943,,Wealthy
50364,Soura,35.864,38.914,0.0776821572002294,0.4666666666666667,Poor
50365,Spinis,51.412,-1.344,0.0835802469135802,,Wealthy
50286,Ostia/Portus,41.755,12.288,0.1342454887963513,0.1377663482733284,Wealthy
50370,Summuntorium,48.646,10.826,0.074273176083379,0.144,Wealthy
50375,Taliata,44.444,22.144,0.0845721424109931,0.173076923076923,Medium Wealthy
50194,Hermopolis Magna,27.778,30.804,0.0773891175125743,0.0829279080053073,Poor
50361,Siscia,45.483,16.371,0.0987024347572532,0.1666666666666666,Medium Wealthy
50366,Spoletium,42.745,12.738,0.0998819710829153,,Wealthy
50373,Syene,24.096,32.905,0.052874101843174,0.0503896801934963,Poor
50392,Tibiscum,45.459,22.186,0.0808068751492002,,Medium Wealthy
50398,Tolosa,43.604,1.443,0.1138197713517148,0.0899280575539568,Wealthy
50400,Tralles,37.853,27.844,0.1045559845559845,,Medium Wealthy
50395,Ticinum,45.186,9.157,0.0898354564755838,0.0663599362944611,Wealthy
50407,Vappincum,44.56,6.076,0.1052059052059052,,Wealthy
50422,Virovesca,42.55,-3.323,0.0883927405666536,,Wealthy
50372,Summus Pyreneus (East),42.758,-0.828,0.087990642058747,,Wealthy
50726,x,,,0.1207419297306937,0.1298026998961578,Wealthy
50435,Aginnum,0.0,0.0,0.1058308582147881,0.0987881981032666,Wealthy
50408,Veldidena,47.254,11.4,0.0782116451016635,0.144,Wealthy
50409,Venonis,52.494,-1.301,0.0781484474200623,,Wealthy
50424,Vivisco,46.459,6.847,0.0771685854325772,,Wealthy
50423,Virunum,46.703,14.36,0.0875129265770424,0.1782178217821782,Wealthy
50012,Ara Agrippinensium,50.941,6.96,0.0773272415762421,0.0737463126843657,Wealthy
50161,Edessa,37.176,38.776,0.0784745566245508,,Medium Wealthy
50163,Emerita Augusta,38.916,-6.346,0.1086502969025838,,Wealthy
50184,Germa,39.511,31.616,0.09285420381292,,Medium Wealthy
50254,Memphis,30.004,31.276,0.1087899726819861,0.1204238921001926,Poor
50082,Bracara Augusta,41.552,-8.423,0.1112389089714098,,Medium Wealthy
50074,Eleutheropolis,31.621,34.888,0.1091407383524101,,Wealthy
50160,Eburacum,53.958,-1.082,0.0789320275154483,0.0786493288590604,Wealthy
50159,Dyrrhachium,41.316,19.45,0.1144741291849847,0.1053370786516853,Poor
50179,Gades,36.53,-6.292,0.1514541387024608,0.1679355127630989,Wealthy
50181,Gaza,31.511,34.458,0.1095646544748341,0.1194647977062758,Poor
50414,Verona,45.439,10.994,0.0981586196897201,0.0761421319796954,Wealthy
50188,Hadrumetum,35.826,10.639,0.1241063244729605,0.1121746933891714,Medium Wealthy
50198,Hippo Regius,36.884,7.755,0.1171280276816609,0.1206563706563706,Poor
50199,Hispalis,37.383,-5.996,0.1322782336850332,0.1440645409143296,Wealthy
50010,Aesernia,41.594,14.231,0.0914864864864864,,Wealthy
50391,Thuburnica,36.529,8.455,0.1130028375897179,,Medium Wealthy
50252,Mediolanum (Aquitania),45.5,-0.5,0.1005047505938242,,Wealthy
50393,Tibur,41.964,12.798,0.11219754723235,,Wealthy
50226,Larinum,41.807,14.919,0.0970470183486238,,Wealthy
50201,Iader,44.115,15.229,0.0990780038050636,0.0893069778518694,Wealthy
50210,Iuliomagus,47.469,-0.549,0.0985013822202822,0.0997871208089409,Wealthy
50283,Olisipo,38.707,-9.136,0.136684837472239,0.1491053677932405,Wealthy
50285,Osca,42.14,-0.409,0.0982583454281567,,Wealthy
50287,Ovilava,48.157,14.025,0.0826819736199316,,Wealthy
50288,Oxyrhynchus,28.673,30.626,0.0835596149098987,0.0900144023043687,Poor
50367,Stobi,41.531,21.978,0.1055832813474734,,Medium Wealthy
50369,Sufetula,35.239,9.121,0.110856394301621,,Medium Wealthy
50402,Tridentum,46.067,11.119,0.1006541778174249,,Wealthy
50403,Troesmis,45.164,28.189,0.0806528472718608,0.0790139064475347,Medium Wealthy
50404,Tyana,37.894,34.56,0.0921088435374149,,Medium Wealthy
50413,Vercellae,45.321,8.426,0.0833949248583394,,Wealthy
50415,Verulamium,51.746,-0.355,0.0789320275154483,,Wealthy
50416,Vesontio,47.241,6.025,0.079311152764761,0.0667378537106246,Wealthy
50419,Viminacium,44.716,21.167,0.0877397615344738,0.2022471910112359,Medium Wealthy
50420,Vindobona,48.211,16.374,0.0729604483241728,0.2337662337662337,Wealthy
50421,Viroconium,52.67,-2.647,0.0830674846625766,,Wealthy
50425,Volsinii,42.645,11.986,0.1110200065595277,,Wealthy
50426,Volubilis,34.084,-5.506,0.1182326231225986,,Poor
50427,Zarai,35.786,5.695,0.080845474086458,,Poor
50428,Zeugma,37.058,37.87,0.0841411881680338,0.4117647058823529,Medium Wealthy
50053,Augusta Raurica,47.533,7.722,0.0746252204585538,0.0490901950517083,Wealthy
50055,Augusta Taurinorum,45.07,7.687,0.0933793103448275,0.0622406639004149,Wealthy
50059,Augustodunum,46.949,4.299,0.0807201621557171,,Wealthy
50077,Bonna,50.733,7.096,0.0737874659400544,0.0689211541995956,Wealthy
50078,Bononia,44.495,11.349,0.1017739025856885,0.0762350071152673,Wealthy
50079,Bononia (Moesia),43.993,22.876,0.0877170251360456,0.0602700096432015,Medium Wealthy
50081,Bovianum,41.487,14.474,0.0858919056077137,,Wealthy
50085,Brigetio,47.735,18.17,0.077098280378089,0.2608695652173913,Medium Wealthy
50096,Caesarodunum,47.389,0.688,0.0915359653866955,0.0907990314769975,Wealthy
50098,Calleva,51.354,-1.101,0.0844771649613177,,Wealthy
50106,Carrhae,36.866,39.029,0.068190975020145,,Medium Wealthy
50111,Castulo,38.038,-3.624,0.1071541627097182,,Wealthy
50114,Celeia,46.22,15.272,0.0968942321454129,,Medium Wealthy
50115,Cenabum,47.9,1.903,0.0864844149207971,0.0832593250444049,Wealthy
50118,Cibalae,45.291,18.801,0.09163508391987,,Medium Wealthy
50123,Clysma,29.959,32.568,0.1200141818826449,,Poor
50126,Comana,38.332,36.323,0.079246166452066,,Medium Wealthy
50132,Corfinium,42.124,13.842,0.1002072232089994,,Wealthy
50125,Ulpia Traiana Tricensimae,51.669,6.446,0.0809614924659172,0.0792644261255548,Wealthy
50152,Domavium,44.144,19.363,0.0871075656201749,,Poor
50153,Dorylaion,39.775,30.517,0.0988754198919234,,Medium Wealthy
50154,Drobeta,44.636,22.66,0.082440331222601,0.0568526379624014,Medium Wealthy
50155,Dura,34.747,40.73,0.0677881245619305,0.3043478260869565,Poor
50157,Durocortorum,49.254,4.033,0.0796189580148183,,Wealthy
50158,Durostorum,44.117,27.261,0.0781845478692689,0.0733568075117371,Medium Wealthy
50164,Emesa,34.85,36.74,0.0821103699211643,0.0851112119836586,Poor
50166,Emona,46.051,14.506,0.1053860523038605,,Medium Wealthy
50170,Epiphaneia,35.14,36.74,0.0889618922470433,0.0930059523809523,Poor
50174,Florentia,43.769,11.257,0.1067486597287921,0.0981932443047918,Wealthy
50178,Gadara,32.022,35.717,0.0993542706193131,,Medium Wealthy
50191,Heraklea,41.032,21.336,0.1142037786774628,,Poor
50195,Hibis,25.438,30.553,0.0765923747030207,,Poor
50202,Iconium,37.847,32.516,0.0906413174454411,,Medium Wealthy
50203,Ilerda,41.614,0.626,0.1062127392532161,,Wealthy
50208,Italica,37.444,-6.047,0.1175959701233281,,Wealthy
50212,Iuvavum,47.801,13.044,0.0780223579578195,,Wealthy
50221,Lamasba,35.629,5.911,0.0751137246199933,,Poor
50239,Lugdunum Convenarum,43.027,0.573,0.1026535253980288,,Wealthy
50244,Lykopolis,27.184,31.187,0.0720672769853097,0.0768442622950819,Poor
50259,Mursa,45.56,18.676,0.0887519664394336,0.2608695652173913,Medium Wealthy
50260,Musti,36.336,9.143,0.123992673992674,,Medium Wealthy
50261,Mutina,44.647,10.925,0.0971305595408895,,Wealthy
50265,Narnia,42.52,12.516,0.104121808674254,,Wealthy
50275,Nisibis,37.067,41.216,0.0731575534903825,0.3043478260869565,Medium Wealthy
50274,Nicopolis (Pontus),40.161,38.139,0.0689690301548492,,Medium Wealthy
50292,Parma,44.804,10.333,0.1015753938484621,,Wealthy
50296,Pella,40.76,22.526,0.1183152743795875,,Wealthy
50318,Potaissa,46.566,23.791,0.0689409368635437,,Medium Wealthy
50321,Ptolemais Hermiou,26.478,31.804,0.0674302788844621,0.0715648854961832,Poor
50324,Reate,42.403,12.861,0.1147846727704306,,Wealthy
50134,Cosa,42.407,11.289,0.1227116186333152,0.1216347713266299,Wealthy
50406,Valentia,44.93,4.89,0.0970609318996415,0.090689238210399,Wealthy
50145,Dertosa,40.811,0.521,0.106079598871827,0.1079447322970639,Wealthy
50146,Deultum,42.445,27.367,0.0936894547467478,,Medium Wealthy
50147,Deva,53.191,-2.895,0.0896807524175387,0.0911300121506683,Wealthy
50151,Doclea,42.5,18.5,0.0880364109232769,,Medium Wealthy
50156,Durnonovaria,50.711,-2.434,0.0980875108664155,0.1001335113484646,Wealthy
50162,Eleusis,38.046,23.544,0.1146097850008464,0.1254180602006689,Wealthy
50165,Emmaus,31.839,34.989,0.0989187609585038,,Poor
50167,Emporiae,42.132,3.109,0.1106932635709614,0.1093294460641399,Wealthy
50171,Fanum Fortunae,43.845,13.017,0.1008641239570917,0.0887573964497041,Wealthy
50175,Formiae,41.256,13.606,0.1074603174603174,0.1086641553172993,Wealthy
50176,Forum Iulii,43.432,6.735,0.1117715040449067,0.1072654462242563,Wealthy
50200,Histria,44.645,28.769,0.0900625249434614,0.0932835820895522,Medium Wealthy
50399,Tomis,44.173,28.638,0.0833333333333333,0.0854214123006833,Medium Wealthy
50276,Novae,43.601,25.396,0.0800899089080799,0.0684306569343065,Medium Wealthy
50376,Tabia,39.889,34.448,0.0820208383813908,,Medium Wealthy
50384,Thagaste,36.284,7.955,0.1053532524120759,,Poor
50385,Thamugadi,35.485,6.468,0.0945794914780665,,Poor
50387,Thelepte,34.979,8.595,0.0931352318063007,,Medium Wealthy
50390,Theveste,35.407,8.121,0.1003706449221645,,Poor
50382,Terenouthis,30.432,30.816,0.1071880937302089,0.119047619047619,Poor
50388,Thelseai,33.648,36.665,0.085815692736722,,Poor
50017,Alexandria,31.201,29.91,0.1540386803185438,0.1773049645390071,Poor
50022,Ancona,43.616,13.519,0.1080951620629091,0.0973267583701012,Wealthy
50034,Aquileia,45.768,13.365,0.1150969058143488,0.1068376068376068,Wealthy
50046,Ascalon,31.67,34.546,0.1217625899280575,0.1345532831001076,Wealthy
50047,Asculum,42.855,13.575,0.1084240871236387,,Wealthy
50006,Adramyttium,39.501,26.938,0.1061960784313725,0.1173708920187793,Medium Wealthy
50014,Ake-Ptolemais,32.922,35.077,0.109105560032232,0.1188966391883322,Wealthy
50020,Altinum,45.579,12.373,0.0979881314227818,0.0888204642349597,Wealthy
50042,Ariminum,44.059,12.563,0.0977617328519855,0.0823271130625686,Wealthy
50049,Aternum,42.465,14.214,0.1073580716777672,0.0969743987587277,Wealthy
50112,Catabathmus Maior,31.563,25.16,0.1256029684601113,0.1327433628318584,Poor
50019,Alexandria Troas,39.761,26.153,0.1170470262793914,0.1312106368089573,Medium Wealthy
50011,Aesuris,37.218,-7.445,0.1341922695738354,0.1466562377786468,Wealthy
50036,Arae Philaenorum,30.294,18.788,0.1102785469946245,0.1146438398043411,Poor
50065,Barcino,41.388,2.17,0.1077853844929151,0.1082563510392609,Wealthy
50097,Calagurris,42.304,-1.965,0.0854905922464957,,Wealthy
50066,Barium,41.129,16.87,0.1125893896557458,0.1064433721260289,Wealthy
50051,Aufidena,41.336,16.194,0.1027158246093157,0.0963762528912875,Wealthy
50023,Ancyra,39.972,32.801,0.0884389288047028,,Medium Wealthy
50054,Augusta Suessionum,49.381,3.326,0.0826920727983388,,Wealthy
50025,Caesarea (Phrygia),38.304,31.19,0.0966038812785388,,Medium Wealthy
50027,Apamea (Pisidia),38.069,30.17,0.0955135440180586,,Medium Wealthy
50043,Arretium,43.471,11.863,0.096783416726233,,Wealthy
50057,Augustobona,48.297,4.075,0.0796376896835666,0.0722821896684657,Wealthy
50058,Augustobriga,39.807,-5.676,0.0923601637107776,,Wealthy
50015,Alba Fucens,42.08,13.412,0.1048149868400681,,Wealthy
50013,Aguntum,46.827,12.823,0.0842039800995024,,Wealthy
50004,Ad Tricesimum,46.158,13.216,0.1043786617329633,,Wealthy
50028,Aphroditopolis,29.408,31.252,0.0988176908480513,0.108318890814558,Poor
50052,Augusta Praetoria,45.737,7.314,0.0786569071685837,,Wealthy
50048,Asturica,42.459,-6.064,0.1115505025539627,,Wealthy
50056,Augusta Vindelicum,48.365,10.895,0.0761016187050359,,Wealthy
50062,Aventicum,46.88,7.041,0.0746746084270902,,Wealthy
50060,Auzia,36.143,3.693,0.0954596728708403,,Poor
50061,Avaricum,47.083,2.397,0.0888568053550334,,Wealthy
50080,Bostra,32.518,36.484,0.0849222277972905,,Poor
50063,Bagacum,50.297,3.792,0.0827324941952829,,Wealthy
50068,Beneharnum,43.333,-0.435,0.0956890459363957,,Wealthy
50083,Brigantium,47.503,9.747,0.0772213984259153,0.0467989517034818,Wealthy
50092,Caeciliana,36.654,38.113,0.078121393953381,0.4666666666666667,Poor
50091,Cabilonnum,46.784,4.853,0.0829250367466928,0.0714966634890371,Wealthy
50072,Beroia,36.203,37.149,0.0829961995831801,,Poor
50067,Batnae,36.976,38.424,0.0731733679204496,,Medium Wealthy
50075,Bilbilis,41.382,-1.603,0.0896213926396611,,Wealthy
50093,Caesaraugusta,41.675,-0.889,0.0922343324250681,,Wealthy
50095,Caesarea (Cappadocia),38.722,35.328,0.0849755240366511,,Medium Wealthy
50131,Corduba,37.885,-4.779,0.1174124176205341,0.1259657373194491,Wealthy
50120,Cirta,36.368,6.614,0.1039619164619164,,Poor
50119,Circesium,35.243,40.379,0.0727096982064225,0.4117647058823529,Poor
50127,Comum,45.812,9.086,0.0856745127815742,,Wealthy
50116,Cetium,48.205,15.623,0.0721440750213128,,Wealthy
50099,Cambete,47.691,7.504,0.0771070615034168,0.0516031374707582,Wealthy
50100,Cambodunum,47.727,10.327,0.0752975197419641,,Wealthy
50103,Capsa,34.413,8.79,0.1020962147489066,,Medium Wealthy
50122,Clusium,43.017,11.948,0.1020808202653799,,Wealthy
50124,Augusta Treverorum,49.754,6.646,0.0712256706996317,0.0607681088964511,Wealthy
50105,Carnuntum,48.113,16.868,0.0733557265142485,0.25,Wealthy
50139,Cyrrhus,36.735,36.949,0.0899189799442157,,Poor
50133,Coriosopitum,54.978,-2.029,0.0779953917050691,0.0729571984435797,Wealthy
50771,x,,,0.0893847372590441,,Poor
50137,Curia,46.849,9.531,0.080845474086458,,Wealthy
50142,Decetia,46.828,3.461,0.0841098273077401,,Wealthy
50182,Genava,46.203,6.139,0.0857396149949341,,Wealthy
50148,Diana Veteranorum,35.694,6.189,0.0797596606974552,,Poor
50149,Dierna,44.725,22.396,0.0780223579578195,0.1487603305785124,Medium Wealthy
50168,Endidae,46.318,11.274,0.0931096135332141,,Wealthy
50140,Damascus,33.512,36.309,0.0923223782899222,,Poor
50218,Klaudianon,26.799,33.486,0.0595845801795458,,Poor
50220,Lacobriga,42.339,-4.602,0.0932892379771255,,Wealthy
50213,Jerusalem,31.777,35.234,0.0993688536621165,,Poor
50222,Lambaesis,35.492,6.256,0.0865065167390748,,Poor
50197,Hierasykaminos,23.069,32.683,0.0502225519287833,0.0479785056294779,Poor
50211,Iulium Carnicum,46.461,13.026,0.0890906698249769,,Wealthy
50215,Kapitolias,32.598,35.858,0.1002517399674218,,Poor
50189,Heliopolis,30.132,31.285,0.1208712729869666,,Poor
50219,Flaviopolis,40.812,32.165,0.083159317037219,,Medium Wealthy
50192,Herakleopolis,29.086,30.938,0.0907993562231759,0.0983735571878279,Poor
50251,Mediolanum,45.464,9.188,0.091697142083164,0.0663364585176012,Wealthy
50263,Naissus,43.316,21.894,0.0934566537824406,,Medium Wealthy
50253,Melitene,38.25,37.25,0.0754822165235812,0.2592592592592592,Medium Wealthy
50242,Lutetia,48.856,2.342,0.0820109024833434,0.0778977980889073,Wealthy
50248,Mariana,38.547,-2.927,0.1022349743279975,,Wealthy
50258,Mounesis,24.684,30.606,0.071375856615709,,Poor
50262,Myos Hormos,26.157,34.244,0.0595845801795458,,Poor
50224,Lancia,42.534,-5.414,0.0915359653866955,,Wealthy
50228,Lauriacum,48.221,14.466,0.0776732446076181,0.2142857142857142,Wealthy
50231,Limonum,46.587,0.343,0.0928924259055982,,Wealthy
50270,Nemetacum,50.293,2.782,0.0870963591920751,,Wealthy
50236,Lousonna,46.519,6.632,0.0800331008393427,,Wealthy
50298,Penne Locos,46.398,6.926,0.0738116005233318,,Wealthy
50295,Pax Iulia,38.016,-7.865,0.1203555555555555,,Wealthy
50279,Ocriculum,42.412,12.467,0.1113486842105263,0.1081938834391229,Wealthy
50277,Noviomagus,49.317,8.431,0.0738599170848789,0.057436054525961,Wealthy
50299,Perdices,35.932,5.39,0.0878080415045395,,Poor
50293,Parthanum,47.492,11.086,0.0737312132433021,,Wealthy
50314,Pons Aeni,47.856,12.124,0.0759309107222969,0.1666666666666666,Wealthy
50313,Pompelo,42.818,-1.644,0.0867615019864154,,Wealthy
50302,Petra,30.326,35.468,0.0995881141512209,,Medium Wealthy
50304,Philadelpheia,31.931,35.926,0.0916226823656787,,Poor
50315,Pons Drusi,46.497,11.358,0.0872760087662756,,Wealthy
50306,Philippopolis,42.144,24.75,0.0926001914922719,,Medium Wealthy
50309,Placentia,45.052,9.699,0.0976207642393655,0.076359193646915,Wealthy
50310,Poetovio,46.42,15.87,0.0875695252878023,0.2142857142857142,Medium Wealthy
50308,Pistoriae,43.932,10.919,0.0965074839629365,,Wealthy
50772,x,,,0.0953924193321121,,Wealthy
50316,Porolissum,47.23,23.127,0.0645007621951219,,Medium Wealthy
50338,Samosata,37.565,38.471,0.079311152764761,0.3333333333333333,Medium Wealthy
50340,Sardis,38.488,28.04,0.1062794348508634,,Medium Wealthy
50173,Ferentinum,41.693,13.253,0.1108382449246889,,Wealthy
50342,Satala,40.029,39.654,0.0692795742939009,,Medium Wealthy
50343,Savaria,47.235,16.622,0.080681682755333,,Medium Wealthy
50344,Scarbantia,47.685,16.583,0.0763763537906137,,Medium Wealthy
50339,Santicum,46.616,13.849,0.0911048311129053,,Wealthy
50180,Galacum,54.172,-2.59,0.0771861817352639,,Wealthy
50206,Iol Caesarea,36.607,2.197,0.1172294372294372,0.1210458360232408,Poor
50204,Ilium,39.949,26.344,0.107443262974131,,Medium Wealthy
50207,Isca,50.5,-3.5,0.0895739613654405,0.0911300121506683,Wealthy
50223,Lampsacus,40.347,26.699,0.1196113074204947,0.1342161775232641,Medium Wealthy
50216,Katabolos,36.908,35.989,0.1159246575342465,0.1270325203252032,Medium Wealthy
50214,Kallipolis,40.41,26.684,0.1105486610058785,0.1217927898668398,Medium Wealthy
50307,Pisae,43.716,10.397,0.1134763660744217,0.1088534107402031,Wealthy
50301,Perinthus,40.971,27.953,0.1045075640629824,0.1110453064850459,Medium Wealthy
50311,Pola,44.87,13.841,0.0994418331374853,0.0892644608426565,Medium Wealthy
50312,Pompeii,40.749,14.485,0.1060463659147869,0.1042825361512791,Wealthy
50303,Petuaria,53.688,-0.591,0.0853720050441362,0.0853436504324078,Wealthy
50430,Heraclea Pontica,41.283,31.419,0.0907628368413996,0.0930752047654504,Medium Wealthy
50405,Tyrus,33.272,35.198,0.108859945328831,0.1193127585109767,Medium Wealthy
50401,Trapezus,41.003,39.718,0.073205017301038,0.0734142521534847,Medium Wealthy
50411,Venta Icenorum,52.578,1.288,0.0732604696461421,0.0734573947110675,Wealthy
50417,Vibo Valentia,38.676,16.098,0.1247236551215917,0.1363636363636363,Wealthy
50347,Sebasteia,39.75,37.015,0.0726161106939826,,Medium Wealthy
50346,Scythopolis,32.61,35.477,0.1100813008130081,,Wealthy
50350,Serdica,42.723,23.343,0.0991505565319273,,Medium Wealthy
50355,Singara,36.404,42.219,0.0683976560921398,,Poor
50352,Sicca Veneria,36.179,8.71,0.1107294733398756,,Medium Wealthy
50348,Segusio,45.138,7.048,0.0983868623746548,,Wealthy
50351,Servitium,45.151,17.256,0.1043464858199753,,Poor
50117,Chalcedon,40.983,29.026,0.0957025728018094,0.0924556213017751,Medium Wealthy
50024,Antiochia,36.202,36.158,0.1064632803899984,0.1139817629179331,Medium Wealthy
50107,Carthago,36.847,10.313,0.140894901144641,0.1507840772014475,Medium Wealthy
50129,Constantinopolis,41.125,28.875,0.0984727272727272,0.1018468223791417,Medium Wealthy
50429,Lugdunum,45.759,4.819,0.0867281578273123,0.0769546480607428,Wealthy
50026,Apamea,35.557,36.401,0.0968110968110968,0.1024590163934426,Poor
50029,Claudia Aprensis,40.969,27.065,0.1039938556067588,,Medium Wealthy
50073,Berytus,33.899,35.521,0.1216313330937836,0.135183850036049,Medium Wealthy
50108,Carthago Nova,37.606,-0.991,0.125719591457753,0.1329315845444877,Wealthy
50431,Laodicea ad Lycum,37.855,29.136,0.1030284583777202,,Medium Wealthy
50031,Aquae Sextiae,43.526,5.445,0.1104404567699836,,Wealthy
50086,Brundisium,40.636,17.939,0.1216750539180445,0.1174812030075188,Wealthy
50110,Castrum Truentinum,42.914,13.904,0.1054517133956386,0.0892644608426565,Wealthy
50016,Albulae,35.302,-1.145,0.1085457752124418,,Poor
50032,Aquae Sulis,51.381,-2.357,0.0895265802697699,,Wealthy
50084,Flavium Brigantium,43.371,-8.396,0.1247466371844481,0.1337852301105958,Wealthy
50121,Civitas Namnetum,47.215,-1.557,0.1079917052161429,0.1106847697756788,Wealthy
50169,Ephesus,37.94,27.341,0.1307202162579648,0.1491646778042959,Medium Wealthy
50172,Faventia,44.286,11.884,0.100849098763593,,Wealthy
50064,Banasa,34.602,-6.115,0.1058143169740544,,Poor
50076,Claudiopolis,40.756,31.586,0.0840576111249068,,Medium Wealthy
50087,Bulla Regia,36.556,8.751,0.1236078144969874,,Medium Wealthy
50183,Genua,44.407,8.934,0.1058805129809196,0.0976816879395676,Wealthy
50185,Gesoriacum,50.725,1.615,0.0930072812199478,0.0930059523809523,Wealthy
50193,Herdoniae,41.317,15.628,0.0938453008039922,,Wealthy
50196,Hierakonpolis,31.038,30.347,0.1341922695738354,0.1520681265206812,Poor
50177,Fregellanum,41.546,13.513,0.1005794087059872,,Wealthy
50089,Burnum,44.032,15.994,0.1036912237708684,,Medium Wealthy
50090,Burrio,51.704,-2.903,0.0822900206636684,,Wealthy
50102,Canusium,41.222,16.066,0.1017127403846153,,Wealthy
50069,Beneventum,41.13,14.781,0.0947648376259798,,Wealthy
50128,Conimbriga,40.194,-8.408,0.1093699515347334,,Wealthy
50135,Cuicul,36.315,5.738,0.0943554006968641,,Poor
50136,Cumae,40.847,14.056,0.1120860927152317,0.1043986636971046,Wealthy
50141,Darnis,32.769,22.642,0.1300922367409684,0.1407129455909943,Poor
50144,Dertona,44.897,8.865,0.0994564418980461,,Wealthy
50227,Larissa,39.633,22.424,0.1122719734660033,,Medium Wealthy
50237,Luca,43.843,10.508,0.0947913749649958,,Wealthy
50241,Luna,44.066,10.031,0.1071711255342726,0.0990491283676703,Wealthy
50243,Lydda,31.966,34.892,0.109299321924443,,Wealthy
50247,Marcianopolis,43.225,27.585,0.0857722032180413,,Medium Wealthy
50255,Minturnae,41.242,13.769,0.0998967094584624,0.0981675392670157,Wealthy
50268,Neapolis,40.84,14.253,0.1117161716171617,0.1163151364764268,Wealthy
50271,Nicaea,40.43,29.714,0.0944739045492604,,Medium Wealthy
50297,Pelusium,31.05,32.6,0.1363544813695871,0.1543209876543209,Poor
50225,Laodicea,35.641,35.794,0.114011451667228,0.1242956579383493,Poor
50233,Lixus,35.199,-6.11,0.1182946007338808,0.1275510204081632,Poor
50234,Loium,49.523,0.724,0.0915359653866955,0.0920923379174852,Wealthy
50240,Luguvalium,54.895,-2.934,0.0829250367466928,0.083537536199599,Wealthy
50250,Massilia,43.297,5.382,0.1213044257301558,0.119770041520281,Wealthy
50267,Naucratis,30.901,30.592,0.1190643686246922,0.1335470085470085,Poor
50256,Misenum,40.786,14.085,0.1118453659342474,0.1163512255662426,Wealthy
50266,Narona,43.081,17.628,0.1116056709528519,0.1059621361966657,Medium Wealthy
50269,Nemausus,43.835,4.36,0.1112206341383275,,Wealthy
50272,Nicomedia,40.766,29.916,0.1029344686027064,0.1103915219311156,Medium Wealthy
50273,Nicopolis,39.008,20.736,0.1251617674246626,0.1278554381179679,Wealthy
50280,Odessus,43.212,27.909,0.0796376896835666,0.0789639924194567,Medium Wealthy
50291,Paraetonium,31.35,27.237,0.1354,0.1516990291262135,Poor
50230,Lepcis Magna,32.637,14.292,0.1371833839918946,0.1489868891537544,Poor
50317,Portus,41.78,12.258,0.110476501305483,0.1081938834391229,
50278,Nuceria,40.743,14.674,0.1060463659147869,,Wealthy
50371,Summus Pyreneus (West),43.02,-1.324,0.0909335124244459,,Wealthy
50336,Salona,43.54,16.483,0.1144934889227126,0.1066856330014224,Wealthy
50353,Side,36.776,31.398,0.1131161236424394,0.1239259748843357,Medium Wealthy
50362,Sitifis,36.237,5.41,0.0888101797192706,,Poor
50363,Smyrna,38.25,27.25,0.1167241379310344,0.1302083333333333,Medium Wealthy
50377,Tarentum,40.469,17.24,0.1172700502338472,0.1138433515482695,Wealthy
50378,Tarracina,41.291,13.249,0.1190225035161744,0.1216742375081116,Wealthy
50380,Tarsus,36.916,34.901,0.1053860523038605,,Medium Wealthy
50389,Thessalonica,40.626,22.956,0.125719591457753,0.1301631377993752,Wealthy
50396,Tingi,35.788,-5.81,0.134059405940594,0.1460849240358395,Poor
50305,Philippi,41.014,24.283,0.1036277361089851,,Wealthy
50334,Saldae,36.74,5.058,0.1071541627097182,0.1087587006960556,Poor
50335,Salernum,40.678,14.766,0.1112571898110106,0.0944584382871536,Wealthy
50238,Lugdunum Cananefatium,52.161,4.49,0.0858810097678548,0.0856359899520438,Wealthy
50345,Scodra,42.074,19.528,0.0892080643035973,,Poor
50349,Senia,44.99,14.901,0.0973960581211336,0.0820748522652659,Wealthy
50354,Siga,35.24,-1.455,0.120849696536951,0.129399585921325,Medium Wealthy
50357,Sinuessa,41.25,14.25,0.102389594676346,0.0946969696969697,Wealthy
50358,Sipontum,41.607,15.896,0.1047825414022597,0.0966494845360824,Wealthy
50368,Sufasar,36.192,2.515,0.1052059052059052,,Poor
50383,Tergeste,45.649,13.772,0.1061294873804671,0.0974279033515198,Wealthy
50386,Thebae,38.322,23.319,0.1099204416301347,,Wealthy
50138,Cyrene,32.823,21.857,0.1292724842467061,,Poor
50300,Pergamum,39.131,27.185,0.1052877138413685,,Medium Wealthy
50050,Athenae,38.032,23.655,0.1181707104206667,0.1310730513806361,Wealthy
50282,Oescus,43.698,24.482,0.0866726411471002,0.0641025641025641,Medium Wealthy
50088,Burdigala,44.837,-0.577,0.1096533851635892,0.1095210280373831,Wealthy
50045,Arupium,44.849,15.269,0.089078947368421,,Wealthy
50109,Casinum,41.493,13.831,0.0932121712790857,,Wealthy
50205,Interpromium,42.244,13.934,0.100385527876631,,Wealthy
50104,Capua,41.086,14.25,0.0959467120181405,,Wealthy
50113,Caudium,41.064,14.641,0.0915359653866955,,Wealthy
50217,Kellis,25.549,28.908,0.0826315147076772,,Poor
50281,Oea,32.898,13.175,0.1207850133809099,0.1298026998961578,Poor
50320,Ptolemais,32.708,20.951,0.1315584920326467,0.1434034416826003,Poor
50246,Mampsoukrenai,37.073,34.886,0.0976911976911976,,Medium Wealthy
50007,Aeclanum,41.043,14.994,0.0981301637918539,,Wealthy
50143,Delphi,38.482,22.498,0.117107766822349,0.1117734724292101,Wealthy
50245,Magnesia,37.853,27.533,0.115904810820065,,Medium Wealthy
50033,Aquae Terebellicae,43.733,-1.06,0.0992814195629857,,Wealthy
50522,Aufidus,41.36,16.21,0.1133623576691225,0.1266891891891892,
50765,x,,,0.1031697653154526,,Wealthy
50727,x,,,0.0997054491899852,,Wealthy
50738,x,,,0.0921213770581031,,Medium Wealthy
50730,x,,,0.0768009075439591,,Wealthy
50731,x,,,0.0954058624577226,,Poor
50732,x,,,0.1017280240420736,,Poor
50733,x,,,0.094500279173646,,Medium Wealthy
50735,x,,,0.0771246297562087,,Medium Wealthy
50736,x,,,0.0922343324250681,,Medium Wealthy
50737,x,,,0.0966176680462394,,Medium Wealthy
50739,x,,,0.091697142083164,,Medium Wealthy
50744,Toletum,,,0.0949242849130678,,Wealthy
50745,x,,,0.1186886395511921,0.1279426816786079,Medium Wealthy
50746,x,,,0.0917219888903942,,Wealthy
50741,Krane,,,0.1188136188136188,0.1260928043039677,Wealthy
50755,Selinous,,,0.132433489827856,0.1463129145532579,Wealthy
50742,Horreum Margi,,,0.0885083017387893,,Medium Wealthy
50743,Boiodurum,,,0.0790149393090569,0.1935483870967742,Wealthy
50037,Arausio,44.138,4.81,0.1035326502523321,0.0994958875033165,Wealthy
50434,Vorgium,0.0,0.0,0.0823300498601483,,Wealthy
50459,Divodurum,0.0,0.0,0.0765837104072398,0.0572956455309396,Wealthy
50460,Condate,0.0,0.0,0.0897045183516629,,Wealthy
50473,Maiensis Statio,0.0,0.0,0.0821601941747572,,Wealthy
50443,Phiara,0.0,0.0,0.0768532182994664,,Medium Wealthy
50630,Pedalion Pr.,34.96,34.08,0.1128333333333333,0.1245019920318725,Medium Wealthy
50747,x,,,0.0966452533904354,,Wealthy
50748,x,,,0.0816646562123039,,Medium Wealthy
50452,Paphos,0.0,0.0,0.1379380603096984,0.1549586776859504,Medium Wealthy
50678,Mothis,0.0,0.0,0.0897045183516629,,Poor
50470,Salmantica,0.0,0.0,0.1008791536283713,,Wealthy
50613,Rhodos,36.44,28.23,0.1452789699570815,0.1674854845913354,Wealthy
50619,Prusias,40.4325,29.1564,0.0935987833540716,0.0997871208089409,Medium Wealthy
50337,Samarobriva,49.892,2.299,0.0873886665806118,,Wealthy
50461,Rotomagus,0.0,0.0,0.0859028042126633,0.0844214317874831,Wealthy
50553,Petras Mikros,32.17,23.45,0.104121808674254,0.1120406334030475,Poor
50568,Petras Megas,31.75,25.09,0.113040574386375,0.1244606704281447,Poor
50618,Salsovia,45.0665,29.124,0.0841098273077401,0.0855773619351894,Medium Wealthy
50609,Proconnesus,40.5917,27.5557,0.1004004152454397,0.1093294460641399,Medium Wealthy
50642,Pyramos (river),36.57,35.56,0.1293712975348748,0.1453488372093023,Medium Wealthy
50757,x,,,0.0798914326174179,,Medium Wealthy
50471,Segedunum,0.0,0.0,0.0787850576050273,0.0786823331934536,Wealthy
50760,x,,,0.0913137307796061,,Poor
50759,Mouth of Witham,,,0.0788033989058316,0.0787484250314993,Wealthy
50761,Populonium,,,0.1113303732938661,0.1091067791678789,Wealthy
50762,Palinurus Pr.,,,0.1338209132239573,0.142966069386199,Wealthy
50444,Augustonemetum,0.0,0.0,0.085264483627204,,Wealthy
50586,Tenedos,39.82,26.03,0.1307959814528593,0.148868598650258,Medium Wealthy
50749,x,,,0.097705296579593,,Poor
50750,x,,,0.1166839021027232,,Poor
50751,x,,,0.095124350147534,,Medium Wealthy
50752,x,,,0.0686334144363341,,Wealthy
50753,x,,,0.0962194428652643,,Wealthy
50754,x,,,0.0988465469411593,0.0825082508250825,Wealthy
50466,Lamia,0.0,0.0,0.1099918765231519,,Wealthy
50518,Titius (river),43.72,15.86,0.1036594702189557,0.0969743987587277,Wealthy
50418,Vienna,45.525,4.879,0.0911661729060059,0.0832778147901399,Wealthy
50516,Messana,38.1923,15.5566,0.1589201877934272,0.1808972503617945,Wealthy
50588,Chios,38.37,26.14,0.1285117691723614,0.1454051958123303,Wealthy
50454,Seleukeia Pieria,0.0,0.0,0.1165633608815427,0.1283367556468172,Medium Wealthy
50453,Salamis,0.0,0.0,0.1047663262147941,0.1151012891344383,Medium Wealthy
50455,Syracusae,0.0,0.0,0.1378537975972307,0.1546391752577319,Wealthy
50507,Selinus,37.5828,12.8251,0.1282439856033339,0.1402918069584736,Wealthy
50257,Mogontiacum,50.0,8.271,0.0709123284801508,0.0608469901022229,Wealthy
50437,Perge,0.0,0.0,0.1035484857754665,,Medium Wealthy
50719,Tripolis,,,0.1228675136116152,0.1351351351351351,Medium Wealthy
50445,Augustoritum,0.0,0.0,0.0972840925420319,,Wealthy
50394,Tubusuctu,36.669,4.828,0.0969636207390432,,Poor
50756,Palma,,,0.1259769259397097,0.1339285714285714,Wealthy
50284,Omboi,24.467,32.95,0.0558120362737015,0.053041018387553,Poor
50410,Venusia,40.963,15.815,0.1056821729628473,,Wealthy
50594,Sestus,40.2284,26.4172,0.1195690568703638,0.1346499102333931,Medium Wealthy
50436,Cibyra,0.0,0.0,0.111440329218107,,Medium Wealthy
50450,Dianium,0.0,0.0,0.11223474801061,0.118073047858942,Wealthy
50448,Ebusus,0.0,0.0,0.1140306552130705,0.1195409627032196,Wealthy
50439,Myra,0.0,0.0,0.123811265544989,0.1388374676045909,Medium Wealthy
50451,Olbia,0.0,0.0,0.1292478045055364,0.135183850036049,Wealthy
50438,Phaselis,0.0,0.0,0.11112934996717,0.1220703125,Medium Wealthy
50440,Patara,0.0,0.0,0.1406022845275181,0.1603249251817015,Medium Wealthy
50441,Xanthos,0.0,0.0,0.1239472720615159,,Medium Wealthy
50472,Ulpiana,0.0,0.0,0.0935729094678645,,Medium Wealthy
50486,Caralis,39.2149,9.10952,0.1423764458464773,0.1531862745098039,Wealthy
50482,Igilgili,36.8216,5.76666,0.1179442508710801,0.1190098381466201,Poor
50467,Naupactus,0.0,0.0,0.1232926607175377,0.1257123700972175,Wealthy
50491,Thaenae,34.67,10.7,0.1017586051405381,0.1072654462242563,Medium Wealthy
50505,Lilybaeum,37.7984,12.4375,0.1469821971341728,0.1629018245004344,Wealthy
50469,Lissus,0.0,0.0,0.1049287042777433,0.0955170657157412,Poor
50512,Melita,35.88,14.4,0.1294455066921606,0.1428571428571428,Wealthy
50539,Leucas,38.83,20.71,0.1317376921580074,0.1410304625799172,Wealthy
50523,Lokroi Epizephyrioi,38.24,16.26,0.1198442202159674,0.1263477088948787,Wealthy
50232,Lindum,53.25,-0.559,0.073316006064544,0.0730140186915887,Wealthy
50463,Iuliobriga,0.0,0.0,0.1042179802955665,,Wealthy
50547,Tainaron Pr.,36.39,22.48,0.135129740518962,0.1497603833865814,Wealthy
50773,x,,,0.0913630229419703,,Wealthy
50564,Thasos,40.78,24.71,0.1086502969025838,0.1190854239441092,Wealthy
50592,Mytilene,39.21,26.31,0.1168651821163473,0.1310730513806361,Wealthy
50628,Lapethos,35.27,33.86,0.1131728518890003,0.1246675531914893,Medium Wealthy
50597,Samos,37.69,26.94,0.1282439856033339,0.1460280373831775,Wealthy
50620,Tyras,46.2009,30.3505,0.0826718769080473,0.0854214123006833,Poor
50641,Theodosia,45.0461,35.3788,0.077878753019671,0.0795502757742893,Poor
50650,Tanais,47.2678,39.258,0.0771158446292288,0.0789307514207535,Medium Wealthy
50186,Glevum,51.875,-2.264,0.0829656862745098,0.083537536199599,Wealthy
50725,Neapolis (Thrace),,,0.112178956089478,0.1189343482397716,Wealthy
50379,Tarraco,41.12,1.251,0.1181707104206667,0.1206563706563706,Wealthy
50682,Ammon,0.0,0.0,0.1202914001421464,,Poor
50660,Apollonopolis Magna,0.0,0.0,0.0590853552103333,0.0559701492537313,Poor
50661,Krokodilopolis,0.0,0.0,0.0981159420289855,0.0895843287147635,Poor
50674,Latopolis,0.0,0.0,0.0627549128661475,0.0592229943145925,Poor
50690,Oasis Parva,0.0,0.0,0.1082334132693844,,Poor
50700,Qasr Farafra,0.0,0.0,0.0981017243877698,,Poor
50449,Thabraca,0.0,0.0,0.1307202162579648,0.1360667634252539,Medium Wealthy
50432,Boubastis,0.0,0.0,0.1209144490087515,0.1352813852813852,Poor
50462,Iuliobona,0.0,0.0,0.0995149198882845,0.1012419006479481,Wealthy
50442,Amaseia,0.0,0.0,0.074273176083379,,Medium Wealthy
50446,Amastris,0.0,0.0,0.0834771886559802,0.0856751199451679,Medium Wealthy
50458,Amisus,0.0,0.0,0.0785109590629711,0.0790805567271193,Medium Wealthy
50021,Ammaedara,35.567,8.467,0.1107294733398756,,Medium Wealthy
50447,Attalea,0.0,0.0,0.1025291534151143,0.1103915219311156,Medium Wealthy
50493,Mercurii Pr.,37.0616,11.0133,0.1327450980392157,0.1436781609195402,Medium Wealthy
50474,Portus Magnus,35.8079,-0.266018,0.1253935914058158,0.1328844790928419,Poor
50489,Ilva,42.7434,10.2397,0.1045721346926166,0.1000533617929562,Wealthy
50456,Portus Pachyni,0.0,0.0,0.1434018216479559,0.1616379310344827,Wealthy
50483,Metagonium Pr.,37.0891,6.46696,0.1294702620003824,0.1338807568725455,Poor
50476,Colubraria,39.8982,0.685189,0.1023741115983668,0.1068071774423241,Wealthy
50485,Galata,37.5271,8.92862,0.1264711376798057,0.1337852301105958,Medium Wealthy
50492,Meninge,33.68,10.92,0.1270168855534709,0.1358203549438609,Medium Wealthy
50487,Gallicum Fretum,41.3874,9.1594,0.1240608392889866,0.1229508196721311,Wealthy
50572,Rheneia,37.42,25.21,0.0941585535465924,0.1033057851239669,
50070,Berenice,23.91,35.474,0.0595845801795458,,Poor
50457,Kriou Metopon,0.0,0.0,0.1136668905305574,0.1268177206628339,
50515,Cephalae Pr.,32.37,15.21,0.1206988768051346,0.1298926220990647,Poor
50502,Atria,45.05,12.07,0.0925369054127938,,Wealthy
50495,Clipea,36.84,11.11,0.1177800974251913,0.1260504201680672,Poor
50468,Confluentes,0.0,0.0,0.071617475933566,0.0646663217796171,Wealthy
50499,Cossyra,36.83,11.94,0.1285361685969242,0.1405547226386806,Wealthy
50498,Caput Vada,35.23,11.16,0.1104584760972426,0.1013787510137875,Medium Wealthy
50504,Brundulum,45.19,12.31,0.0952850105559465,0.082399472643375,Wealthy
50513,Camarina,36.85,14.45,0.1255098257322951,0.1393534002229654,Wealthy
50187,Hadrianoupolis,41.684,26.567,0.0987600291757841,,Medium Wealthy
50501,Maritima,37.97,12.06,0.1339533043134151,0.1437332311230356,Wealthy
50509,Tiliaventum (river),45.64,13.1,0.104121808674254,0.0966993295513151,Wealthy
50537,Corcyra,39.59,19.92,0.1278806195693237,0.1304801670146138,Wealthy
50534,Aulon,40.51,19.42,0.1200993436224942,0.1056040551957195,Poor
50531,Automalax,30.25,19.13,0.1198866654860988,0.1292657704239917,Poor
50520,Salapia,41.39,16.02,0.0956214689265536,0.0885896527285613,Wealthy
50527,Kallipolis-Anxa,40.06,17.99,0.1223125564588979,0.1270325203252032,Wealthy
50530,Hydruntum,40.15,18.49,0.127303497555472,0.1295784381478922,Wealthy
50540,Zacynthus,37.78,20.9,0.1282439856033339,0.1403443113772455,Wealthy
50533,Acroceraunia Pr.,40.44,19.32,0.1233151183970856,0.1180358829084041,Poor
50542,Alpheos (river),37.61,21.45,0.1249307990404133,0.1378676470588235,Wealthy
50521,Heracleum Pr.,37.93,16.06,0.1280983916745506,0.1386834319526627,Wealthy
50541,Ichthys Pr.,37.65,21.32,0.142406394615061,0.1582278481012658,Wealthy
50524,Lacinium Pr.,39.03,17.2,0.1230461650308978,0.1283367556468172,Wealthy
50150,Thebai,25.702,32.652,0.066897233201581,0.0628561850486087,Poor
50529,Sallentinum Pr.,39.8,18.36,0.1371555915721231,0.1453488372093023,Wealthy
50535,Apollonia (Epirus),40.77,19.43,0.1221139971139971,0.1166044776119403,Poor
50528,Epidaurum,42.58,18.22,0.1032956972841013,0.0959324635456638,Medium Wealthy
50557,Sounion Pr.,37.65,24.03,0.1160041124057573,0.1301631377993752,Wealthy
50549,Corinthus,37.91,22.88,0.1234050309879693,0.1220703125,Wealthy
50558,Kaudos,34.86,24.06,0.1178210929342151,0.1274643099932019,Wealthy
50555,Chalcis,38.46,23.59,0.1102067393781539,0.1180358829084041,Wealthy
50190,Heliopolis (Baalbek),34.015,36.203,0.084964859437751,,Medium Wealthy
50551,Chersonesos Akra,32.61,23.12,0.1153518486965411,0.1240079365079365,Poor
50545,Apollonia-Sozousa,32.93,21.75,0.1473661297344362,0.1631853785900783,Poor
50562,Geraistos,37.98,24.55,0.1174531575294934,0.1286890871654083,Wealthy
50548,Gythion,36.76,22.57,0.1228006530019952,0.1359680928208847,Wealthy
50569,Hephaistia,39.92,25.14,0.1104224433208285,0.1184085885696242,Wealthy
50556,Kimaros Pr.,35.63,23.6,0.1300922367409684,0.1437883435582822,Wealthy
50567,Kardamis,31.92,25.04,0.1016669169544976,0.1109795797573246,Poor
50554,Kriou Metopon Pr.,35.27,23.58,0.132641065830721,0.145631067961165,Wealthy
50552,Malea Pr.,36.44,23.2,0.1282682834406972,0.1428571428571428,Wealthy
50544,Patrae,38.26,21.74,0.1302674619973061,0.1388888888888889,Wealthy
50559,Athos Mons,40.26,24.22,0.1216969261190005,0.1308900523560209,Wealthy
50769,x,,,0.0806912991656734,,Medium Wealthy
50577,Chersonasos,35.32,25.39,0.1237207602339181,0.1374129717845364,Wealthy
50590,Sigeion,40.01,26.2,0.1312015503875969,0.15,Medium Wealthy
50573,Delos,37.4,25.27,0.1218283246355947,0.1372620790629575,Wealthy
50229,Legio VII,42.606,-5.57,0.0838701684836471,,Wealthy
50582,Kadiston Mons,35.34,25.77,0.1234725515228889,0.1389918458117123,Wealthy
50621,Olbia (Borysthenes),46.6919,31.9016,0.0766791256087892,0.0789806234203875,Poor
50718,Amphipolis,,,0.1140306552130705,0.117407639323732,Wealthy
50627,Chersonesos,44.6116,33.4933,0.0834154756037456,0.0859697386519945,Poor
50612,Cyzicus,40.3813,27.8923,0.0955809685161654,0.100996498788042,Medium Wealthy
50611,Apollonia Pontica,42.4172,27.6965,0.0828134556574923,0.0851498637602179,Medium Wealthy
50625,Amathous,34.71,33.13,0.121522168371926,0.1349406261245052,Medium Wealthy
50614,Caunus,36.83,28.63,0.1279531279531279,0.1447317637977614,Medium Wealthy
50602,Potidaion,35.51,27.21,0.1286583048270619,0.1446201311222522,Wealthy
50610,Bargylia,37.19,27.59,0.1139155308766616,0.1276378488767869,Medium Wealthy
50604,Kos,36.89,27.29,0.1282682834406972,0.146484375,Wealthy
50606,Cnidus,36.69,27.37,0.1273274402858755,0.1445643793369314,Medium Wealthy
50603,Myndos,37.08,27.24,0.1278081933169718,0.1454615981380915,Medium Wealthy
50631,Corycus,36.46,34.15,0.1284873790092996,0.1451800232288037,Medium Wealthy
50624,Anemurium,36.02,32.8,0.1160438806993486,0.1291322314049586,Medium Wealthy
50608,Halicarnassus,37.04,27.43,0.1139347021204981,0.1282928498118371,Medium Wealthy
50599,Parium,40.4205,27.0691,0.1108927108927109,0.121280724450194,Medium Wealthy
50598,Trogilion Pr.,37.67,27.02,0.1168248490077653,0.1311647429171039,Wealthy
50622,Akamas Pr.,35.11,32.28,0.1259769259397097,0.1410304625799172,Wealthy
50632,Cinolis,41.9634,34.1637,0.0777446026642168,0.0792811839323467,Medium Wealthy
50626,Karambis Pr.,42.0136,33.3697,0.0775575667315843,0.0794491525423728,Medium Wealthy
50617,Mouth of Pontus,41.2123,29.1239,0.0901584764948728,0.0929598413485374,Medium Wealthy
50623,Kalos Limen,45.5209,32.7033,0.0770368684569868,0.0792476754015215,Poor
50651,Dioscurias,42.9933,41.0031,0.0726083226083226,0.0738625172345873,Poor
50646,Pantikapaion,45.2385,36.4141,0.0835493027273849,0.0856751199451679,Poor
50677,Mons Porphyrites,0.0,0.0,0.0595845801795458,,Poor
50649,Kotyora,41.0002,37.8752,0.077950489349453,0.0790805567271193,Medium Wealthy
50647,Themiskyra,41.2152,36.9677,0.0728191889856943,0.0733281188893234,Medium Wealthy
50634,Kleides Pr.,35.7,34.59,0.1161434208268999,0.1286449399656946,Medium Wealthy
50639,Sinope,42.0492,35.0419,0.0840993788819875,0.0857142857142857,Medium Wealthy
50637,Apollonia,32.2128,34.816,0.1090528350515463,0.1187836553690212,Wealthy
50644,Myriandros,36.59,36.19,0.1054352904532004,0.1138433515482695,Medium Wealthy
50648,Gorgippia,44.8922,37.3103,0.0772037860645455,0.0790638836179633,Medium Wealthy
50636,Ioppe,32.0545,34.7511,0.0986018060005825,0.1064131668558456,Wealthy
50643,Byblos,34.12,35.64,0.1096356275303643,0.1195028680688336,Medium Wealthy
50341,Sarmizegethusa,45.623,23.31,0.0763935906116,,Medium Wealthy
50770,x,,,0.0841516469857054,,Medium Wealthy
50713,Malaca,,,0.1342188739095955,0.1460280373831775,Wealthy
50412,Venta,51.063,-1.317,0.0909579470643557,0.0923417877370105,Wealthy
50464,Portus Blendium,0.0,0.0,0.115845311430527,0.1212415130940834,Wealthy
50546,Akitas Pr.,36.72,21.88,0.1192741367159971,0.1307987443320544,Medium Wealthy
50721,x,,,0.1205699020480854,,Medium Wealthy
50714,Panormus,,,0.1412181894034209,0.1571009635525764,Wealthy
50716,Aleria,,,0.1128333333333333,0.1108156028368794,Wealthy
50717,Demetrias,,,0.1211524695776664,0.1285126799177519,Wealthy
50654,Raphia,34.2519,31.2886,0.1206343549536707,0.1339764201500536,Poor
50715,Agrigentum,,,0.1146680216802168,0.1250416805601867,Wealthy
50658,Azotus Paralios,34.65,31.8,0.1086328626444159,0.1187836553690212,Wealthy
50652,Phasis,42.15,41.6674,0.0684806797491402,0.0689084895259096,Poor
50720,Forum Appii,,,0.1108745496233213,0.1085069444444444,Wealthy
50040,Arelate,43.677,4.628,0.1133623576691225,0.1101321585903083,Wealthy
50094,Caesarea Maritima,32.5,34.9,0.1222904624277456,0.1345532831001076,Wealthy
50101,Camulodunum,51.892,0.898,0.0788584740827023,0.0790638836179633,Wealthy
50465,Dessobriga,0.0,0.0,0.0950175438596491,,Wealthy
50264,Narbo,43.214,3.0,0.1239699688701703,0.1224289911851126,Wealthy
50249,Mamucio,53.481,-2.342,0.0835905667366341,,Wealthy
50374,Tacape,33.883,10.099,0.113229637063054,0.1198465963566634,Medium Wealthy
50381,Teanum,41.255,14.056,0.0948046492087942,,Wealthy
50593,Astypaleia,36.55,26.35,0.1284142640364188,0.1463700234192037,Wealthy
50763,x,,,0.081546615273428,,Wealthy
50758,Samonion Pr.,,,0.1282196969696969,0.1451800232288037,Wealthy
50538,Euesperides,32.12,20.08,0.1361077603538399,0.1481627815092848,Poor
50764,x,,,0.0913630229419703,0.0710361810949043,Wealthy
50766,x,,,0.103611876339149,,Poor
50767,x,,,0.0971444970584014,,Medium Wealthy
50768,x,,,0.0754822165235812,,Medium Wealthy
50325,Castra Regina,49.017,12.083,0.0758118701007838,0.1666666666666666,Wealthy
50774,x,,,0.0906291834002677,,Wealthy
50038,x,34.535,36.039,0.1103504482477587,,Medium Wealthy
50235,Londinium,51.513,-0.089,0.0854690064385809,0.0855773619351894,Wealthy
50130,Coptos,25.977,32.798,0.0633539210181546,0.0669403784362727,Poor
50775,Nisyros,27.172056,36.587875,0.1275193068374458,0.1447317637977614,Wealthy
50776,Amorgos,25.9,36.83,0.1160637750728613,0.1303441084462982,Wealthy
50777,Anaphe,25.8540694,36.3498205,0.115904810820065,0.1299826689774696,Wealthy
50779,Ceos,24.333333,37.616667,0.1087724935732647,0.121084920891185,Wealthy
50780,Corseae,26.5,37.566,0.1158056790968183,0.129757785467128,Wealthy
50783,Icaros,26.059,37.6215,0.1159246575342465,0.1300277392510402,Wealthy
50784,Imbros,25.844444,40.160833,0.1085109793236095,0.1157764742204384,Medium Wealthy
50785,Ios,25.333333,36.716667,0.1088424437299035,0.1212415130940834,Wealthy
50786,Kerea,25.75,36.75,0.1143387941226144,0.1287332646755921,
50787,Kimolos,24.55,36.8,0.1086502969025838,0.1208118556701031,Wealthy
50789,Lebinthos,26.459,37.005,0.1029188203101246,0.1148897058823529,
50790,Leros,23.625,37.875,0.1139922545883145,0.1284246575342466,
50791,Miletus,27.2756764,37.5312131,0.1133433785367487,0.1270325203252032,Medium Wealthy
50792,Mykonos,25.37,37.44,0.1039299969296899,0.1151719901719901,
50795,Patmos,26.5578532,37.3157746,0.115904810820065,0.1299826689774696,Wealthy
50778,Andros,24.86,37.85,0.1087026332691072,0.1209287326668816,Wealthy
50793,Naxos,25.378,37.103,0.1086154339804267,0.1207340631036703,Wealthy
50782,Donousa,25.8,37.1,0.1087724935732647,0.121084920891185,Wealthy
50788,Kinaros,26.289,36.98,0.1143581081081081,0.1289546079779917,Wealthy
50781,Cythnos,24.416,37.383,0.1086328626444159,0.1207729468599033,Wealthy
50796,Skyllaion Pr.,23.518,37.438,0.1278323262839879,0.1450116009280742,Wealthy
50797,Siphnos,24.666667,36.983333,0.1086328626444159,0.1207729468599033,Wealthy
50798,Syros,24.92,37.43,0.1086328626444159,0.1207729468599033,Wealthy
50801,Thera,25.433333,36.416667,0.1142037786774628,0.1272480488632507,Wealthy
50800,Tenos,25.116,37.553,0.1087550200803212,0.1210458360232408,Wealthy
50799,Telos,27.336,36.433,0.1268978444236176,0.1435681470137825,Wealthy
50550,Isthmia,22.987,37.941,0.1247006815251427,0.139821029082774,Wealthy
